Folder/File,Name,Size (Bytes),Last Modified
Folder,ai_chat,,
Folder,characters,,
Folder,conversations,,
Folder,core,,
Folder,journals,,
Folder,static,,
Folder,stories,,
Folder,templates,,
Folder,token_management,,
Folder,users,,
Folder,worlds,,
File,.env,732,1742051421.6118867
File,.gitignore,25,1742064389.721923
File,db.sqlite3,548864,1742067504.5586882
File,manage.py,685,1742051027.80137
Folder,__pycache__,,
File,asgi.py,407,1742051027.80137
File,settings.py,4217,1742067471.058811
File,urls.py,1506,1742051545.0468862
File,wsgi.py,407,1742051027.8023705
File,__init__.py,0,1742051027.8023705
File,settings.cpython-312.pyc,4012,1742067501.874489
File,urls.cpython-312.pyc,1978,1742057798.061973
File,wsgi.cpython-312.pyc,637,1742063717.5049179
File,__init__.cpython-312.pyc,149,1742051063.6706004
Folder,migrations,,
Folder,templates,,
Folder,__pycache__,,
File,admin.py,66,1742051063.8059232
File,apps.py,158,1742051063.806925
File,forms.py,5248,1742056325.0086856
File,models.py,5467,1742051637.4610176
File,tests.py,63,1742051063.806925
File,urls.py,707,1742056466.386299
File,views.py,15803,1742056446.7268915
File,__init__.py,0,1742051063.8201437
Folder,__pycache__,,
File,0001_initial.py,4184,1742063692.2437315
File,0002_initial.py,1594,1742063692.2447321
File,__init__.py,0,1742051063.8201437
File,0001_initial.cpython-312.pyc,4605,1742063706.2766092
File,0002_initial.cpython-312.pyc,2102,1742063706.27761
File,__init__.cpython-312.pyc,163,1742063692.2277255
Folder,characters,,
File,character_detail.html,23583,1742057455.7729023
File,character_form.html,8184,1742057520.6884363
File,character_generate.html,12510,1742057636.415081
File,character_list.html,12309,1742056500.7792883
File,admin.cpython-312.pyc,196,1742057797.7848606
File,apps.cpython-312.pyc,466,1742057797.74291
File,forms.cpython-312.pyc,4725,1742059548.7130897
File,models.cpython-312.pyc,7850,1742057797.7715726
File,urls.cpython-312.pyc,1197,1742059548.7097366
File,views.cpython-312.pyc,16299,1742059548.7120857
File,__init__.cpython-312.pyc,152,1742057797.74291
Folder,migrations,,
Folder,templates,,
Folder,__pycache__,,
File,admin.py,66,1742051064.1669881
File,apps.py,164,1742051064.1679902
File,models.py,3858,1742051651.9086285
File,tests.py,63,1742051064.1689913
File,urls.py,722,1742059328.6111345
File,views.py,13534,1742057770.0304513
File,__init__.py,0,1742051064.1699893
Folder,__pycache__,,
File,0001_initial.py,2906,1742063692.2457318
File,0002_initial.py,1694,1742063692.2467327
File,__init__.py,0,1742051064.1699893
File,0001_initial.cpython-312.pyc,3403,1742063706.2786098
File,0002_initial.cpython-312.pyc,2265,1742063706.2796102
File,__init__.cpython-312.pyc,166,1742063692.2277255
Folder,conversations,,
File,ConversationDetail .html,17668,1742066621.333977
File,ConversationList .html,13363,1742066705.4109256
File,admin.cpython-312.pyc,199,1742057797.7848606
File,apps.cpython-312.pyc,475,1742057797.7449107
File,models.cpython-312.pyc,6306,1742057797.772576
File,urls.cpython-312.pyc,1174,1742059854.477821
File,views.cpython-312.pyc,13599,1742059854.481329
File,__init__.cpython-312.pyc,155,1742057797.7439103
Folder,migrations,,
Folder,services,,
Folder,__pycache__,,
File,admin.py,66,1742051066.0101652
File,apps.py,146,1742051066.0101652
File,models.py,60,1742051066.0111651
File,tests.py,63,1742051066.0111651
File,views.py,7223,1742067806.9911535
File,__init__.py,0,1742051066.0111651
Folder,__pycache__,,
File,__init__.py,0,1742051066.0121655
File,__init__.cpython-312.pyc,157,1742063692.2317321
Folder,__pycache__,,
File,openai_service.py,8470,1742053631.8398108
File,pinecone_service.py,5065,1742059813.6504374
File,openai_service.cpython-312.pyc,8152,1742059548.7146971
File,pinecone_service.cpython-312.pyc,4342,1742059854.466313
File,admin.cpython-312.pyc,190,1742057797.7868614
File,apps.cpython-312.pyc,448,1742057797.7514203
File,models.cpython-312.pyc,187,1742057797.7798607
File,views.cpython-312.pyc,7847,1742067808.142493
File,__init__.cpython-312.pyc,146,1742057797.7504148
Folder,migrations,,
Folder,__pycache__,,
File,admin.py,66,1742051064.7788968
File,apps.py,154,1742051064.7798982
File,forms.py,6405,1742058385.5611012
File,models.py,5219,1742058368.7079728
File,tests.py,63,1742051064.7808976
File,urls.py,1609,1742058401.7732635
File,views.py,19564,1742058506.9880571
File,__init__.py,0,1742051064.7808976
Folder,__pycache__,,
File,0001_initial.py,4319,1742063692.2477322
File,0002_initial.py,1677,1742063692.248732
File,__init__.py,0,1742051064.7818985
File,0001_initial.cpython-312.pyc,4564,1742063706.283609
File,0002_initial.cpython-312.pyc,2286,1742063706.2846086
File,__init__.cpython-312.pyc,161,1742063692.2297325
File,admin.cpython-312.pyc,194,1742057797.7858615
File,apps.cpython-312.pyc,460,1742057797.7469106
File,forms.cpython-312.pyc,6046,1742059854.4898653
File,models.cpython-312.pyc,7188,1742058600.3505635
File,urls.cpython-312.pyc,2244,1742059854.485866
File,views.cpython-312.pyc,22966,1742059854.4888732
File,__init__.cpython-312.pyc,150,1742057797.7459106
Folder,css,,
Folder,images,,
Folder,js,,
Folder,migrations,,
Folder,__pycache__,,
File,admin.py,66,1742051064.478004
File,apps.py,152,1742051064.479005
File,forms.py,3730,1742058165.6189194
File,models.py,5377,1742058138.6407933
File,tests.py,63,1742051064.480007
File,urls.py,1178,1742058182.7482088
File,views.py,14616,1742058147.090633
File,__init__.py,0,1742051064.481006
Folder,__pycache__,,
File,0001_initial.py,4443,1742063692.2497318
File,0002_initial.py,1653,1742063692.2507312
File,__init__.py,0,1742051064.481006
File,0001_initial.cpython-312.pyc,4510,1742063706.2816105
File,0002_initial.cpython-312.pyc,2275,1742063706.28261
File,__init__.cpython-312.pyc,160,1742063692.228733
File,admin.cpython-312.pyc,193,1742057797.7848606
File,apps.cpython-312.pyc,457,1742057797.7459106
File,forms.cpython-312.pyc,3244,1742059854.4848266
File,models.cpython-312.pyc,7802,1742058600.3485596
File,urls.cpython-312.pyc,1744,1742059854.481329
File,views.cpython-312.pyc,17131,1742059854.4833333
File,__init__.cpython-312.pyc,149,1742057797.7449107
File,base.html,16194,1742067927.719283
File,dashboard.html,12273,1742056284.249995
File,home.html,18665,1742056132.2852378
Folder,migrations,,
Folder,templates,,
Folder,__pycache__,,
File,admin.py,66,1742051065.705129
File,apps.py,169,1742051065.70613
File,context_processors.py,508,1742053564.8763688
File,middleware.py,3617,1742053534.3403554
File,models.py,7153,1742064307.20546
File,tests.py,63,1742051065.70713
File,urls.py,905,1742060787.5994978
File,views.py,9839,1742061271.4608507
File,__init__.py,0,1742051065.70713
Folder,__pycache__,,
File,0001_initial.py,3840,1742063692.2527325
File,0002_initial.py,1563,1742063692.2537327
File,0003_alter_tokenusage_user.py,634,1742064309.777965
File,__init__.py,0,1742051065.7081301
File,0001_initial.cpython-312.pyc,4273,1742063706.2906084
File,0002_initial.cpython-312.pyc,2215,1742063706.2906084
File,0003_alter_tokenusage_user.cpython-312.pyc,1174,1742064316.2644262
File,__init__.cpython-312.pyc,169,1742063692.2317321
Folder,token_management,,
File,TokenUsageStatistics.html,15932,1742066856.5879233
File,admin.cpython-312.pyc,202,1742057797.7868614
File,apps.cpython-312.pyc,483,1742057797.7504148
File,context_processors.cpython-312.pyc,959,1742063924.201941
File,middleware.cpython-312.pyc,4418,1742063717.505918
File,models.cpython-312.pyc,10077,1742064308.8258595
File,urls.cpython-312.pyc,1068,1742060861.5114076
File,views.cpython-312.pyc,11434,1742061273.9307518
File,__init__.cpython-312.pyc,158,1742057797.7489107
Folder,migrations,,
Folder,templates,,
Folder,__pycache__,,
File,admin.py,66,1742051065.3998673
File,apps.py,148,1742051065.4008694
File,forms.py,4491,1742067411.0031385
File,models.py,2449,1742067369.2816014
File,tests.py,63,1742051065.4018683
File,urls.py,619,1742067424.8046536
File,views.py,8690,1742067436.3946073
File,__init__.py,0,1742051065.4018683
Folder,__pycache__,,
File,0001_initial.py,4125,1742063692.254733
File,0002_remove_customuser_token_history_and_more.py,1093,1742067503.0295966
File,__init__.py,0,1742051065.4028695
File,0001_initial.cpython-312.pyc,5253,1742063706.2886097
File,0002_remove_customuser_token_history_and_more.cpython-312.pyc,1302,1742067504.4726746
File,__init__.cpython-312.pyc,158,1742063692.2307322
Folder,users,,
File,login.html,2268,1742066270.929109
File,profile.html,9793,1742066652.1742017
File,signup.html,4751,1742067973.9574301
File,admin.cpython-312.pyc,191,1742057797.7868614
File,apps.cpython-312.pyc,451,1742057797.7489107
File,forms.cpython-312.pyc,6508,1742067502.0430672
File,models.cpython-312.pyc,3649,1742067502.0055342
File,urls.cpython-312.pyc,1018,1742067502.0307076
File,views.cpython-312.pyc,9920,1742067502.0377104
File,__init__.cpython-312.pyc,147,1742057797.7489107
Folder,migrations,,
Folder,templates,,
Folder,__pycache__,,
File,admin.py,66,1742051065.0862384
File,apps.py,150,1742051065.0872395
File,forms.py,15049,1742060049.079646
File,models.py,12328,1742059308.3617234
File,tests.py,63,1742051065.0882387
File,urls.py,2872,1742059540.0793893
File,views.py,7688,1742060057.6980336
File,__init__.py,0,1742051065.0882387
Folder,__pycache__,,
File,0001_initial.py,12610,1742063692.2567341
File,__init__.py,0,1742051065.0892394
File,0001_initial.cpython-312.pyc,12752,1742063706.2866094
File,__init__.cpython-312.pyc,159,1742063692.2297325
Folder,worlds,,
File,world_confirm_delete.html,1958,1742060302.1317513
File,world_confirm_unarchive.html,1904,1742060320.220499
File,world_detail.html,16023,1742060282.4994178
File,world_form.html,16023,1742060250.5561903
File,world_list.html,2124,1742060092.7899444
File,admin.cpython-312.pyc,192,1742057797.7858615
File,apps.cpython-312.pyc,454,1742057797.74791
File,models.cpython-312.pyc,16861,1742059548.6895437
File,urls.cpython-312.pyc,3677,1742059854.4972227
File,views.cpython-312.pyc,9977,1742060058.6066298
File,__init__.cpython-312.pyc,148,1742057797.74791
